From,Redirect,Destination
http://worldsbestbars.com/,301,http://www.worldsbestbars.com
http://worldsbestbars.com/about-us,301,http://www.worldsbestbars.com/about
http://worldsbestbars.com/all-articles,301,http://www.worldsbestbars.com/news
http://worldsbestbars.com/all-bars,301,http://www.worldsbestbars.com/all-bars
http://worldsbestbars.com/all-cities,301,http://www.worldsbestbars.com/cities
http://www.worldsbestbars.com/about-us,301,http://www.worldsbestbars.com/about
http://www.worldsbestbars.com/all-articles,301,http://www.worldsbestbars.com/news
http://www.worldsbestbars.com/all-bars,301,http://www.worldsbestbars.com/all-bars
http://www.worldsbestbars.com/all-cities,301,http://www.worldsbestbars.com/cities
http://worldsbestbars.com/cocktails-and-more,301,http://www.worldsbestbars.com/news
http://www.worldsbestbars.com/cocktails-and-more,301,http://www.worldsbestbars.com/news
http://worldsbestbars.com/cookie-policy,301,http://www.worldsbestbars.com/cookie-policy
http://worldsbestbars.com/privacy-policy,301,http://www.worldsbestbars.com/privacy-policy
http://worldsbestbars.com/profile,301,http://www.worldsbestbars.com/profile
http://worldsbestbars.com/responsible-drinking,301,http://www.worldsbestbars.com/responsible-drinking
http://worldsbestbars.com/terms-and-conditions,301,http://www.worldsbestbars.com/terms-and-conditions
http://worldsbestbars.com/argentina,301,http://www.worldsbestbars.com/argentina
http://worldsbestbars.com/australia,301,http://www.worldsbestbars.com/australia
http://worldsbestbars.com/austria,301,http://www.worldsbestbars.com/austria
http://worldsbestbars.com/belgium,301,http://www.worldsbestbars.com/belgium
http://worldsbestbars.com/bolivia,301,http://www.worldsbestbars.com/bolivia
http://worldsbestbars.com/brazil,301,http://www.worldsbestbars.com/brazil
http://worldsbestbars.com/british-virgin-islands,301,http://www.worldsbestbars.com/british-virgin-islands
http://worldsbestbars.com/bulgaria,301,http://www.worldsbestbars.com/bulgaria
http://worldsbestbars.com/canada,301,http://www.worldsbestbars.com/canada
http://worldsbestbars.com/chile,301,http://www.worldsbestbars.com/chile
http://worldsbestbars.com/china,301,http://www.worldsbestbars.com/china
http://worldsbestbars.com/colombia,301,http://www.worldsbestbars.com/colombia
http://worldsbestbars.com/croatia,301,http://www.worldsbestbars.com/croatia
http://worldsbestbars.com/cuba,301,http://www.worldsbestbars.com/cuba
http://worldsbestbars.com/czech-republic,301,http://www.worldsbestbars.com/czech-republic
http://worldsbestbars.com/denmark,301,http://www.worldsbestbars.com/denmark
http://worldsbestbars.com/egypt,301,http://www.worldsbestbars.com/egypt
http://worldsbestbars.com/estonia,301,http://www.worldsbestbars.com/estonia
http://worldsbestbars.com/finland,301,http://www.worldsbestbars.com/finland
http://worldsbestbars.com/france,301,http://www.worldsbestbars.com/france
http://worldsbestbars.com/germany,301,http://www.worldsbestbars.com/germany
http://worldsbestbars.com/greece,301,http://www.worldsbestbars.com/greece
http://worldsbestbars.com/hungary,301,http://www.worldsbestbars.com/hungary
http://worldsbestbars.com/iceland,301,http://www.worldsbestbars.com/iceland
http://worldsbestbars.com/india,301,http://www.worldsbestbars.com/india
http://worldsbestbars.com/indonesia,301,http://www.worldsbestbars.com/indonesia
http://worldsbestbars.com/ireland,301,http://www.worldsbestbars.com/ireland
http://worldsbestbars.com/italy,301,http://www.worldsbestbars.com/italy
http://worldsbestbars.com/japan,301,http://www.worldsbestbars.com/japan
http://worldsbestbars.com/korea-republic-of,301,http://www.worldsbestbars.com/korea-republic-of
http://worldsbestbars.com/latvia,301,http://www.worldsbestbars.com/latvia
http://worldsbestbars.com/lebanon,301,http://www.worldsbestbars.com/lebanon
http://worldsbestbars.com/lithuania,301,http://www.worldsbestbars.com/lithuania
http://worldsbestbars.com/luxembourg,301,http://www.worldsbestbars.com/luxembourg
http://worldsbestbars.com/malaysia,301,http://www.worldsbestbars.com/malaysia
http://worldsbestbars.com/maldives,301,http://www.worldsbestbars.com/maldives
http://worldsbestbars.com/mexico,301,http://www.worldsbestbars.com/mexico
http://worldsbestbars.com/monaco,301,http://www.worldsbestbars.com/monaco
http://worldsbestbars.com/morocco,301,http://www.worldsbestbars.com/morocco
http://worldsbestbars.com/netherlands,301,http://www.worldsbestbars.com/netherlands
http://worldsbestbars.com/new-zealand,301,http://www.worldsbestbars.com/new-zealand
http://worldsbestbars.com/norway,301,http://www.worldsbestbars.com/norway
http://worldsbestbars.com/peru,301,http://www.worldsbestbars.com/peru
http://worldsbestbars.com/philippines,301,http://www.worldsbestbars.com/philippines
http://worldsbestbars.com/poland,301,http://www.worldsbestbars.com/poland
http://worldsbestbars.com/portugal,301,http://www.worldsbestbars.com/portugal
http://worldsbestbars.com/romania,301,http://www.worldsbestbars.com/romania
http://worldsbestbars.com/russian-federation,301,http://www.worldsbestbars.com/russian-federation
http://worldsbestbars.com/serbia,301,http://www.worldsbestbars.com/serbia
http://worldsbestbars.com/seychelles,301,http://www.worldsbestbars.com/seychelles
http://worldsbestbars.com/singapore,301,http://www.worldsbestbars.com/singapore
http://worldsbestbars.com/slovenia,301,http://www.worldsbestbars.com/slovenia
http://worldsbestbars.com/south-africa,301,http://www.worldsbestbars.com/south-africa
http://worldsbestbars.com/spain,301,http://www.worldsbestbars.com/spain
http://worldsbestbars.com/sri-lanka,301,http://www.worldsbestbars.com/sri-lanka
http://worldsbestbars.com/sweden,301,http://www.worldsbestbars.com/sweden
http://worldsbestbars.com/switzerland,301,http://www.worldsbestbars.com/switzerland
http://worldsbestbars.com/taiwan,301,http://www.worldsbestbars.com/taiwan
http://worldsbestbars.com/thailand,301,http://www.worldsbestbars.com/thailand
http://worldsbestbars.com/rest-of-the-world,301,http://www.worldsbestbars.com/rest-of-the-world
http://worldsbestbars.com/turkey,301,http://www.worldsbestbars.com/turkey
http://worldsbestbars.com/ukraine,301,http://www.worldsbestbars.com/ukraine
http://worldsbestbars.com/united-arab-emirates,301,http://www.worldsbestbars.com/united-arab-emirates
http://worldsbestbars.com/united-kingdom,301,http://www.worldsbestbars.com/united-kingdom
http://worldsbestbars.com/united-states,301,http://www.worldsbestbars.com/united-states
http://worldsbestbars.com/uruguay,301,http://www.worldsbestbars.com/uruguay
http://worldsbestbars.com/venezuela,301,http://www.worldsbestbars.com/venezuela
http://worldsbestbars.com/vietnam,301,http://www.worldsbestbars.com/vietnam
http://worldsbestbars.com/argentina/buenos-aires,301,http://www.worldsbestbars.com/cities/buenos-aires
http://worldsbestbars.com/australia/adelaide,301,http://www.worldsbestbars.com/cities/adelaide
http://worldsbestbars.com/australia/brisbane,301,http://www.worldsbestbars.com/cities/brisbane
http://worldsbestbars.com/australia/melbourne,301,http://www.worldsbestbars.com/cities/melbourne
